<assembly xmlns="http://maven.apache.org/plugins/maven-assembly-plugin/assembly/1.1.0"
  xmlns:xsi="http://www.w3.org/2001/XMLSchema-instance"
  xsi:schemaLocation="http://maven.apache.org/plugins/maven-assembly-plugin/assembly/1.1.0 http://maven.apache.org/xsd/assembly-1.1.0.xsd">
  <id>project</id>
  <formats>
    <format>tar.gz</format>
    <format>zip</format>
  </formats>
  <fileSets>
    <fileSet>
      <directory>${project.basedir}</directory>
      <useDefaultExcludes>true</useDefaultExcludes>
      <excludes>
        <exclude>${project.build.directory}/**</exclude>
        <exclude>${project.basedir}/felix-cache/**</exclude>
        <exclude>${project.basedir}/.jxta/**</exclude>
        <exclude>${project.basedir}/*.dat</exclude>
        <exclude>${project.basedir}/testStoreLoadFromXML</exclude>
      </excludes>
    </fileSet>
  </fileSets>
</assembly>

